t,mo_x,mo_y,mo_yaw,ob_x,ob_y,ob_yaw
528.5,0.0057,0.0053,0.0135,-0.0796,0.0009,-2.7353
529.0,0.0057,0.0053,0.0135,-0.0796,0.0009,-2.7353
529.5,0.0057,0.0053,0.0135,-0.0796,0.0009,-2.7353
530.0,0.0057,0.0053,0.0135,-0.0796,0.0009,-2.7353
530.5,0.0057,0.0053,0.0135,-0.0796,0.0009,-2.7353
531.0,0.0057,0.0053,0.0135,-0.0796,0.0009,-2.7353
531.5,0.0057,0.0053,0.0135,-0.1483,-0.125,-2.739
532.0,-0.0035,0.0311,0.0164,-0.2631,-0.3119,-2.7461
532.5,0.0057,0.0423,0.0149,-0.3735,-0.4844,-2.7734
533.01,-0.0103,0.0604,0.0188,-0.498,-0.6649,-2.8246
533.5,-0.0063,0.0651,0.0199,-0.6358,-0.8355,-2.9168
534.0,-0.0015,0.0554,0.0293,-0.7779,-0.9805,-3.0296
534.5,0.0035,0.0442,0.0325,-0.9491,-1.1173,3.1354
535.0,0.0207,0.0521,0.0275,-1.1349,-1.2338,3.0387
535.5,0.0177,0.0623,0.0288,-1.3281,-1.3377,2.9946
536.0,0.0625,0.032,0.0014,-1.5116,-1.4284,2.9698
536.5,0.0693,0.0202,-0.018,-1.7097,-1.5227,2.9645
537.0,0.0415,0.0354,-0.0076,-1.902,-1.6025,3.0002
537.5,0.0424,0.0293,-0.0061,-2.0383,-1.6327,-3.0789
538.0,0.0608,-0.0068,-0.0197,-2.1478,-1.6504,-2.833
538.5,0.064,-0.001,-0.0265,-2.2273,-1.6872,-2.6604
539.0,0.0847,-0.0402,-0.0399,-2.28,-1.7251,-2.5188
539.5,0.063,-0.0125,-0.0219,-2.2892,-1.7262,-2.2079
540.0,0.0465,0.0425,-0.0025,-2.2892,-1.7262,-1.629
540.5,0.0447,0.0128,-0.0011,-2.2892,-1.7262,-1.1806
541.0,0.0519,-0.007,-0.0035,-2.2892,-1.7262,-0.8699
541.5,0.0546,-0.0051,-0.0123,-2.2892,-1.7262,-0.6265
542.0,0.0608,-0.0052,-0.0146,-2.2892,-1.7262,-0.4427
542.5,0.0691,-0.0286,-0.0212,-2.2892,-1.7262,-0.3285
543.0,0.0691,-0.0286,-0.0212,-2.2892,-1.7262,-0.2168
543.5,0.079,-0.0374,-0.0248,-2.1509,-1.6558,-0.1784
544.0,0.0628,-0.0296,-0.0199,-1.9558,-1.5577,-0.1376
544.5,0.0465,0.0105,-0.0124,-1.7743,-1.4629,-0.1481
545.01,0.0328,0.0532,0.0026,-1.5781,-1.3649,-0.164
545.5,0.0259,0.0499,0.007,-1.3815,-1.2676,-0.1531
546.0,0.0527,0.0152,-0.0097,-1.2012,-1.1707,-0.0816
546.5,0.058,0.041,0.0005,-1.0202,-1.0469,0.0408
547.0,0.048,0.0665,0.0111,-0.8557,-0.902,0.1632
547.5,0.039,0.078,0.021,-0.7191,-0.7497,0.2687
548.0,0.0181,0.0913,0.0427,-0.5873,-0.5771,0.3163
548.5,0.0096,0.1034,0.0526,-0.4609,-0.3978,0.355
549.0,0.0169,0.1247,0.0556,-0.3372,-0.228,0.3851
549.5,-0.0003,0.1209,0.0641,-0.2355,-0.1183,0.4517
550.0,-0.0167,0.0863,0.0653,-0.1623,-0.0224,0.5822
550.5,-0.0167,0.0863,0.0653,-0.1202,0.0616,0.6564
551.0,-0.0112,0.0572,0.0572,-0.0811,0.1214,0.7209
551.5,-0.0099,0.0482,0.0484,-0.044,0.1683,0.8688
552.0,-0.0099,0.0482,0.0484,-0.0441,0.1716,0.862
552.5,-0.0159,0.0184,0.0401,-0.0441,0.1716,0.6179
553.0,-0.0036,0.0258,0.0344,-0.0426,0.1749,0.4367
553.5,-0.0036,0.0258,0.0344,-0.0318,0.1949,0.3763
554.0,0.0056,0.0217,0.0255,-0.0318,0.1949,0.2539
554.5,0.0056,0.0217,0.0255,-0.0318,0.1949,0.2101
555.0,0.0056,0.0217,0.0255,0.0545,0.3061,0.2518
555.5,0.0018,-0.0031,0.03,0.19,0.4786,0.3076
556.0,0.013,-0.0207,0.044,0.3105,0.6441,0.3262
556.5,0.0165,-0.0254,0.0435,0.4384,0.8223,0.3314
557.0,0.0336,-0.0138,0.0594,0.5573,0.9951,0.3111
557.5,0.0226,-0.0283,0.055,0.6226,1.0455,0.4139
558.0,0.0226,-0.0283,0.055,0.645,1.0775,0.3482
558.5,0.0226,-0.0283,0.055,0.645,1.0775,0.3613
559.0,0.0226,-0.0283,0.055,0.645,1.0775,0.3849
559.5,0.0226,-0.0283,0.055,0.645,1.0775,0.3545
560.0,0.0226,-0.0283,0.055,0.645,1.0775,0.3572
560.5,0.0226,-0.0283,0.055,0.645,1.0775,0.3823
561.0,0.0226,-0.0283,0.055,0.645,1.0775,0.361
561.5,0.0226,-0.0283,0.055,0.645,1.0775,0.3589
562.0,0.0226,-0.0283,0.055,0.645,1.0775,0.3766
562.5,0.0226,-0.0283,0.055,0.645,1.0775,0.3622
563.0,0.0226,-0.0283,0.055,0.645,1.0775,0.3651
563.5,0.0226,-0.0283,0.055,0.645,1.0775,0.3756
564.0,0.0226,-0.0283,0.055,0.645,1.0775,0.3709
564.5,0.0226,-0.0283,0.055,0.645,1.0775,0.3682
565.0,0.0226,-0.0283,0.055,0.645,1.0775,0.37
565.5,0.0226,-0.0283,0.055,0.645,1.0775,0.3653
566.0,0.0226,-0.0283,0.055,0.645,1.0775,0.3583
566.5,0.0226,-0.0283,0.055,0.645,1.0775,0.3823
567.0,0.0226,-0.0283,0.055,0.645,1.0775,0.3603
567.5,0.0226,-0.0283,0.055,0.645,1.0775,0.3531
568.0,0.0226,-0.0283,0.055,0.645,1.0775,0.3775
568.5,0.0226,-0.0283,0.055,0.645,1.0775,0.3744
569.0,0.0226,-0.0283,0.055,0.645,1.0775,0.3614
569.5,0.0226,-0.0283,0.055,0.645,1.0775,0.363
570.0,0.0226,-0.0283,0.055,0.645,1.0775,0.3564
570.5,0.0226,-0.0283,0.055,0.6456,1.079,0.3488
571.0,0.0226,-0.0283,0.055,0.6467,1.083,0.3412
571.5,0.0226,-0.0283,0.055,0.6467,1.083,0.4628
572.0,0.0042,-0.0459,0.0394,0.6569,1.0964,0.5843
572.5,0.001,-0.0615,0.0291,0.6603,1.1165,0.7232
573.01,0.001,-0.0615,0.0291,0.6719,1.1296,0.6953
573.5,0.001,-0.0615,0.0291,0.6899,1.1365,0.6203
574.0,0.001,-0.0615,0.0291,0.6946,1.1349,0.4775
574.5,-0.0075,-0.0759,0.0255,0.6964,1.142,0.389
575.0,-0.0075,-0.0759,0.0255,0.6972,1.1475,0.5564
575.5,-0.016,-0.0632,0.0291,0.7024,1.1469,0.7389
576.0,-0.016,-0.0632,0.0291,0.7024,1.1469,0.6585
576.5,-0.0168,-0.077,0.0242,0.7024,1.1469,0.3959
577.0,-0.0168,-0.077,0.0242,0.7072,1.1331,0.3601
577.5,-0.0188,-0.0991,0.0206,0.7195,1.1109,0.7139
578.0,-0.0042,-0.096,0.0294,0.7199,1.1247,1.0572
578.5,-0.0042,-0.096,0.0294,0.7227,1.1241,1.0606
579.0,0.0082,-0.0844,0.0195,0.7197,1.1251,0.7912
579.5,-0.0057,-0.0791,0.0052,0.7197,1.1251,0.5785
580.0,0.0044,-0.0852,0.0099,0.7197,1.1251,0.3889
580.5,0.0144,-0.1038,0.0191,0.7197,1.1251,0.2622
581.0,0.0255,-0.0864,0.0165,0.7197,1.1251,0.1411
581.5,0.0255,-0.0864,0.0165,0.7192,1.1277,0.2164
582.0,0.0255,-0.0864,0.0165,0.7185,1.1305,0.2524
582.5,0.0175,-0.0801,0.0119,0.7185,1.1305,0.3651
583.0,0.0175,-0.0801,0.0119,0.7185,1.1305,0.2194
583.5,-0.0021,-0.0531,0.0012,0.7285,1.1175,0.0142
584.0,0.0001,-0.0495,-0.002,0.744,1.1003,0.0722
584.5,-0.0081,-0.0439,0.0008,0.7486,1.0752,0.2239
585.0,-0.0081,-0.0439,0.0008,0.7568,1.0632,0.3246
585.5,-0.0081,-0.0439,0.0008,0.767,1.0562,0.2413
586.0,-0.0081,-0.0439,0.0008,0.7732,1.0572,0.0381
586.5,0.0118,-0.0531,0.0159,0.7808,1.0475,-0.0258
587.0,0.0074,-0.034,0.0057,0.7808,1.0474,-0.2218
587.5,0.0049,-0.0382,0.0098,0.7715,1.0245,-0.4753
588.0,0.0049,-0.0382,0.0098,0.766,1.013,-0.341
588.5,-0.001,-0.0385,0.0058,0.766,1.013,-0.1911
589.0,-0.001,-0.0385,0.0058,0.766,1.013,-0.1503
589.5,-0.001,-0.0385,0.0058,0.766,1.013,-0.1095
590.0,-0.001,-0.0385,0.0058,0.766,1.013,-0.0715
590.5,-0.0007,-0.0367,0.0076,0.766,1.013,-0.0618
591.0,-0.0007,-0.0367,0.0076,0.766,1.013,-0.0471
591.5,-0.0007,-0.0367,0.0076,0.766,1.013,-0.0237
592.0,-0.0007,-0.0367,0.0076,0.766,1.013,-0.0556
592.5,-0.0007,-0.0367,0.0076,0.766,1.013,-0.0794
593.0,-0.0007,-0.0367,0.0076,0.766,1.013,-0.0461
593.5,-0.0007,-0.0367,0.0076,0.766,1.013,-0.1182
594.0,-0.0007,-0.0367,0.0076,0.766,1.013,-0.0812
594.5,-0.0007,-0.0367,0.0076,0.766,1.013,-0.0451
595.0,-0.0007,-0.0367,0.0076,0.766,1.013,-0.0601
595.5,-0.0007,-0.0367,0.0076,0.766,1.013,-0.0446
596.0,-0.0007,-0.0367,0.0076,0.766,1.013,-0.1139
596.5,-0.0007,-0.0367,0.0076,0.766,1.013,-0.0833
597.0,-0.0007,-0.0367,0.0076,0.766,1.013,-0.0452
597.5,-0.0007,-0.0367,0.0076,0.766,1.013,-0.0523
598.0,-0.0007,-0.0367,0.0076,0.766,1.013,-0.0407
598.5,-0.0007,-0.0367,0.0076,0.766,1.013,-0.0509
599.0,-0.0007,-0.0367,0.0076,0.766,1.013,-0.0433
599.5,-0.0007,-0.0367,0.0076,0.766,1.013,-0.0444
600.0,-0.0007,-0.0367,0.0076,0.766,1.013,-0.028
600.5,-0.0007,-0.0367,0.0076,0.766,1.013,-0.0497
601.0,-0.0007,-0.0367,0.0076,0.766,1.013,-0.1159
601.5,-0.0007,-0.0367,0.0076,0.766,1.013,-0.0855
602.0,-0.0007,-0.0367,0.0076,0.766,1.013,-0.0475
602.5,-0.0007,-0.0367,0.0076,0.766,1.013,-0.048
603.0,-0.0007,-0.0367,0.0076,0.766,1.013,-0.1057
603.5,-0.0007,-0.0367,0.0076,0.766,1.013,-0.0715
604.0,-0.0007,-0.0367,0.0076,0.766,1.013,-0.0492
604.5,-0.0007,-0.0367,0.0076,0.766,1.013,-0.0482
605.0,-0.0007,-0.0367,0.0076,0.766,1.013,-0.0487
605.5,-0.0007,-0.0367,0.0076,0.766,1.013,-0.0669
606.0,-0.0007,-0.0367,0.0076,0.766,1.013,-0.0433
606.5,-0.0007,-0.0367,0.0076,0.766,1.013,0.0793
607.0,0.0083,-0.0344,0.0083,0.766,1.013,0.5069
607.5,0.0094,-0.0683,0.0246,0.766,1.013,1.0169
608.0,-0.0056,-0.0577,0.0094,0.766,1.013,1.4925
608.5,0.0007,-0.0531,0.0107,0.766,1.013,1.6455
609.0,0.0007,-0.0531,0.0107,0.766,1.013,1.4363
609.5,-0.0114,-0.0291,-0.0011,0.766,1.013,1.0409
610.0,-0.007,-0.0275,-0.0001,0.766,1.013,0.7536
610.5,-0.0131,-0.0505,0.0018,0.766,1.013,0.5632
611.0,-0.0155,-0.0566,0.0008,0.766,1.013,0.4176
611.5,-0.0155,-0.0566,0.0008,0.766,1.013,0.323
612.0,-0.0155,-0.0566,0.0008,0.766,1.013,0.3647
612.5,-0.0075,-0.0395,0.0011,0.766,1.013,0.2462
613.0,-0.0075,-0.0395,0.0011,0.766,1.013,0.2039
613.5,-0.0075,-0.0395,0.0011,0.766,1.013,0.1631
614.0,-0.0103,-0.0479,0.0034,0.766,1.013,0.125
614.5,-0.0103,-0.0479,0.0034,0.766,1.013,0.0842
615.0,-0.0103,-0.0479,0.0034,0.766,1.013,0.0434
615.5,-0.0103,-0.0479,0.0034,0.766,1.013,0.0053
616.0,-0.0127,-0.0396,-0.0044,0.766,1.013,0.0066
616.5,-0.0127,-0.0396,-0.0044,0.7727,1.013,0.0176
617.0,-0.0127,-0.0396,-0.0044,0.7755,1.013,0.0134
617.5,-0.0127,-0.0396,-0.0044,0.7755,1.013,0.0086
618.0,-0.0127,-0.0396,-0.0044,0.7772,1.013,0.0118
618.5,-0.0127,-0.0396,-0.0044,0.7812,1.013,0.0156
619.0,-0.0127,-0.0396,-0.0044,0.7812,1.013,0.0112
619.5,-0.0127,-0.0396,-0.0044,0.7812,1.013,0.0192
620.0,-0.0127,-0.0396,-0.0044,0.7812,1.013,0.0128
620.5,-0.0127,-0.0396,-0.0044,0.7812,1.013,-0.0024
621.0,-0.0127,-0.0396,-0.0044,0.7812,1.013,-0.0007
621.5,-0.0127,-0.0396,-0.0044,0.7812,1.013,-0.0022
622.0,-0.0127,-0.0396,-0.0044,0.7812,1.013,0.0037
622.5,-0.0127,-0.0396,-0.0044,0.7812,1.013,0.0162
623.0,-0.0127,-0.0396,-0.0044,0.7812,1.013,0.0142
623.5,-0.0127,-0.0396,-0.0044,0.7812,1.013,0.0143
624.0,-0.0127,-0.0396,-0.0044,0.7812,1.013,0.0085
624.5,-0.0127,-0.0396,-0.0044,0.7865,1.013,0.0025
625.0,-0.0127,-0.0396,-0.0044,0.7865,1.013,0.007
625.5,-0.0127,-0.0396,-0.0044,0.7865,1.013,0.0028
626.0,-0.0127,-0.0396,-0.0044,0.7865,1.013,0.0112
626.5,-0.0127,-0.0396,-0.0044,0.7865,1.013,0.0149
627.0,-0.0127,-0.0396,-0.0044,0.7865,1.013,0.0158
627.5,-0.0127,-0.0396,-0.0044,0.7865,1.013,0.0041
628.0,-0.0127,-0.0396,-0.0044,0.7865,1.013,0.0084
628.5,-0.0127,-0.0396,-0.0044,0.7865,1.013,0.0253
629.0,-0.0127,-0.0396,-0.0044,0.7865,1.013,-0.0035
629.5,-0.0127,-0.0396,-0.0044,0.7865,1.013,-0.002
630.0,-0.0127,-0.0396,-0.0044,0.7865,1.013,0.0016
630.5,-0.0127,-0.0396,-0.0044,0.7865,1.013,0.0023
631.0,-0.0127,-0.0396,-0.0044,0.7865,1.013,-0.028
631.5,-0.0127,-0.0396,-0.0044,0.7865,1.013,-0.0201
632.0,-0.0127,-0.0396,-0.0044,0.7865,1.013,0.0081
632.5,-0.0127,-0.0396,-0.0044,0.7865,1.013,-0.0031
633.0,-0.0127,-0.0396,-0.0044,0.7865,1.013,-0.0031
633.5,-0.0127,-0.0396,-0.0044,0.7865,1.013,-0.0031
634.0,-0.0127,-0.0396,-0.0044,0.7865,1.013,-0.0031
634.5,-0.0127,-0.0396,-0.0044,0.7865,1.013,-0.0031
635.0,-0.0127,-0.0396,-0.0044,0.7865,1.013,-0.0031
635.5,-0.0127,-0.0396,-0.0044,0.7865,1.013,-0.0031
636.0,-0.0127,-0.0396,-0.0044,0.7865,1.013,-0.0031
636.5,-0.0127,-0.0396,-0.0044,0.7865,1.013,-0.0031
637.0,-0.0127,-0.0396,-0.0044,0.7865,1.013,-0.0031
637.5,-0.0127,-0.0396,-0.0044,0.7865,1.013,0.0129
638.0,-0.0127,-0.0396,-0.0044,0.7865,1.013,0.0029
638.5,-0.0127,-0.0396,-0.0044,0.7865,1.013,-0.0358
639.0,-0.0127,-0.0396,-0.0044,0.7865,1.013,-0.0313
639.5,-0.0127,-0.0396,-0.0044,0.7865,1.013,0.0068
640.0,-0.0127,-0.0396,-0.0044,0.7865,1.013,0.0152
640.5,-0.0127,-0.0396,-0.0044,0.7865,1.013,0.0058
641.0,-0.0127,-0.0396,-0.0044,0.7865,1.013,-0.021
641.5,-0.0127,-0.0396,-0.0044,0.7865,1.013,-0.048
642.0,-0.0127,-0.0396,-0.0044,0.7865,1.013,-0.0072
642.5,-0.0127,-0.0396,-0.0044,0.7865,1.013,-0.0115
643.0,-0.0127,-0.0396,-0.0044,0.7865,1.013,-0.0513
643.5,-0.0127,-0.0396,-0.0044,0.7865,1.013,-0.0105
644.0,-0.0127,-0.0396,-0.0044,0.7865,1.013,0.009
644.5,-0.0127,-0.0396,-0.0044,0.7865,1.013,0.0207
645.0,-0.0127,-0.0396,-0.0044,0.7865,1.013,-0.0041
645.5,-0.0127,-0.0396,-0.0044,0.7865,1.013,-0.0007
646.0,-0.0127,-0.0396,-0.0044,0.7865,1.013,0.0086
646.5,-0.0127,-0.0396,-0.0044,0.7865,1.013,0.0044
647.0,-0.0127,-0.0396,-0.0044,0.7865,1.013,-0.0055
647.5,-0.0127,-0.0396,-0.0044,0.7865,1.013,0.0034
648.0,-0.0127,-0.0396,-0.0044,0.7865,1.013,-0.0034
648.5,-0.0127,-0.0396,-0.0044,0.7865,1.013,-0.0021
649.0,-0.0127,-0.0396,-0.0044,0.7865,1.013,-0.0008
649.5,-0.0127,-0.0396,-0.0044,0.7865,1.013,0.0055
650.0,-0.0127,-0.0396,-0.0044,0.7865,1.013,-0.0008
650.5,-0.0127,-0.0396,-0.0044,0.7865,1.013,0.0064
651.0,-0.0127,-0.0396,-0.0044,0.7865,1.013,0.0088
651.5,-0.0127,-0.0396,-0.0044,0.7865,1.013,0.0123
652.0,-0.0127,-0.0396,-0.0044,0.7865,1.013,0.0132
652.5,-0.0127,-0.0396,-0.0044,0.7865,1.013,-0.0076
653.0,-0.0127,-0.0396,-0.0044,0.7865,1.013,-0.0064
653.5,-0.0127,-0.0396,-0.0044,0.7865,1.013,-0.0613
654.0,-0.0127,-0.0396,-0.0044,0.7865,1.013,-0.0205
654.5,-0.0127,-0.0396,-0.0044,0.7865,1.013,0.0129
655.0,-0.0127,-0.0396,-0.0044,0.7865,1.013,0.0179
655.5,-0.0127,-0.0396,-0.0044,0.7865,1.013,0.0003
656.0,-0.0127,-0.0396,-0.0044,0.7865,1.013,-0.0017
656.5,-0.0127,-0.0396,-0.0044,0.7865,1.013,-0.0036
657.0,-0.0127,-0.0396,-0.0044,0.7865,1.013,0.0001
657.5,-0.0127,-0.0396,-0.0044,0.7865,1.013,-0.0034
658.0,-0.0127,-0.0396,-0.0044,0.7865,1.013,-0.1027
658.5,-0.0127,-0.0396,-0.0044,0.7865,1.013,-0.0623
659.0,-0.0127,-0.0396,-0.0044,0.7865,1.013,-0.0215
659.5,-0.0127,-0.0396,-0.0044,0.7865,1.013,0.0172
660.0,-0.0127,-0.0396,-0.0044,0.7865,1.013,0.0105
660.5,-0.0127,-0.0396,-0.0044,0.7865,1.013,-0.0293
661.0,-0.0127,-0.0396,-0.0044,0.7865,1.013,0.0001
661.5,-0.0127,-0.0396,-0.0044,0.7708,1.0129,0.0075
662.0,-0.0127,-0.0396,-0.0044,0.6943,1.0123,0.0075
662.5,-0.0127,-0.0396,-0.0044,0.6178,1.0117,0.0075
663.0,-0.0065,-0.062,0.0041,0.5464,1.0112,0.0075
663.5,-0.0065,-0.062,0.0041,0.4728,1.0117,0.0088
664.0,-0.0065,-0.062,0.0041,0.5695,1.1206,0.0854
664.5,-0.0142,-0.0658,-0.0012,0.7034,1.2535,0.1106
665.0,-0.0215,-0.0487,0.0075,0.8593,1.3862,0.0515
665.5,-0.0367,-0.0504,0.009,1.0391,1.5115,-0.0942
666.0,-0.0524,-0.0546,0.0025,1.2392,1.6005,-0.3062
666.5,-0.0357,-0.0759,0.0168,1.4398,1.6384,-0.5668
667.0,-0.0553,-0.0734,0.0064,1.6559,1.6174,-0.8469
667.5,-0.0771,-0.0556,-0.01,1.8617,1.543,-1.0753
668.0,-0.1067,-0.0448,-0.0154,2.0476,1.4272,-1.274
668.5,-0.1,-0.0672,-0.0117,2.1947,1.2927,-1.3706
669.0,-0.1108,-0.0375,-0.02,2.2701,1.1287,-1.3458
669.5,-0.0935,-0.0354,-0.0208,2.2913,0.9856,-1.077
670.0,-0.0854,-0.0129,-0.0194,2.3526,0.905,-0.9561
670.5,-0.0924,-0.0001,-0.0208,2.4008,0.8384,-0.8415
671.0,-0.0924,-0.0001,-0.0208,2.4505,0.801,-0.9167
671.5,-0.0924,-0.0001,-0.0208,2.4566,0.7909,-0.8868
672.0,-0.0751,-0.0279,-0.0079,2.4566,0.7909,-0.6603
672.5,-0.0862,-0.0279,-0.0111,2.4566,0.7909,-0.4774
673.0,-0.0818,-0.0212,-0.008,2.4566,0.7909,-0.355
673.5,-0.0818,-0.0212,-0.008,2.4566,0.7909,-0.2525
674.0,-0.0972,-0.0026,-0.015,2.4566,0.7909,-0.2328
674.5,-0.0972,-0.0026,-0.015,2.4566,0.7909,-0.2328
675.0,-0.0972,-0.0026,-0.015,2.4566,0.7909,-0.2328
675.5,-0.0972,-0.0026,-0.015,2.4566,0.7909,-0.2328
676.0,-0.0972,-0.0026,-0.015,2.4566,0.7909,-0.2328
676.5,-0.0972,-0.0026,-0.015,2.4566,0.7909,-0.2328
677.0,-0.0972,-0.0026,-0.015,2.4566,0.7909,-0.2328
677.5,-0.0972,-0.0026,-0.015,2.4566,0.7909,-0.2328
678.0,-0.0972,-0.0026,-0.015,2.4566,0.7909,-0.2328
678.5,-0.0972,-0.0026,-0.015,2.4566,0.7909,-0.2328
679.0,-0.0972,-0.0026,-0.015,2.4566,0.7909,-0.2328
679.5,-0.0972,-0.0026,-0.015,2.4566,0.7909,-0.2328
680.0,-0.0972,-0.0026,-0.015,2.4566,0.7909,-0.2328
680.5,-0.0972,-0.0026,-0.015,2.4566,0.7909,-0.2328
681.0,-0.0972,-0.0026,-0.015,2.4566,0.7909,-0.2328
681.5,-0.0972,-0.0026,-0.015,2.4566,0.7909,-0.2328
682.04,-0.0972,-0.0026,-0.015,2.4566,0.7909,-0.2328
682.5,-0.0972,-0.0026,-0.015,2.4566,0.7909,-0.2328
683.0,-0.0972,-0.0026,-0.015,2.4566,0.7909,-0.2328
683.5,-0.0972,-0.0026,-0.015,2.4566,0.7909,-0.2328
684.0,-0.0972,-0.0026,-0.015,2.4566,0.7909,-0.2328
684.5,-0.0972,-0.0026,-0.015,2.4566,0.7909,-0.2328
685.0,-0.0972,-0.0026,-0.015,2.4566,0.7909,-0.2328
685.5,-0.0972,-0.0026,-0.015,2.4566,0.7909,-0.2328
686.0,-0.0972,-0.0026,-0.015,2.4566,0.7909,-0.2328
686.5,-0.0972,-0.0026,-0.015,2.4566,0.7909,-0.2328
687.0,-0.0972,-0.0026,-0.015,2.4566,0.7909,-0.2328
687.5,-0.0972,-0.0026,-0.015,2.4566,0.7909,-0.2328
688.0,-0.0972,-0.0026,-0.015,2.4566,0.7909,-0.2328
688.5,-0.0972,-0.0026,-0.015,2.4566,0.7909,-0.2328
689.0,-0.0972,-0.0026,-0.015,2.4566,0.7909,-0.2328
689.5,-0.0972,-0.0026,-0.015,2.4566,0.7909,-0.2328
690.0,-0.0972,-0.0026,-0.015,2.4566,0.7909,-0.2328
690.5,-0.0972,-0.0026,-0.015,2.4566,0.7909,-0.2328
691.0,-0.0972,-0.0026,-0.015,2.4566,0.7909,-0.2328
691.5,-0.0972,-0.0026,-0.015,2.4566,0.7909,-0.2328
692.0,-0.0972,-0.0026,-0.015,2.4566,0.7909,-0.2328
692.5,-0.0972,-0.0026,-0.015,2.4566,0.7909,-0.2328
693.0,-0.0972,-0.0026,-0.015,2.4566,0.7909,-0.2328
693.5,-0.0972,-0.0026,-0.015,2.4566,0.7909,-0.2328
694.0,-0.0972,-0.0026,-0.015,2.4566,0.7909,-0.2328
694.5,-0.0972,-0.0026,-0.015,2.4566,0.7909,-0.2328
695.0,-0.0972,-0.0026,-0.015,2.4566,0.7909,-0.2328
695.5,-0.0972,-0.0026,-0.015,2.4566,0.7909,-0.2328
696.0,-0.0972,-0.0026,-0.015,2.4566,0.7909,-0.2328
696.5,-0.0972,-0.0026,-0.015,2.4566,0.7909,-0.2328
697.0,-0.0972,-0.0026,-0.015,2.4566,0.7909,-0.2328
697.5,-0.0972,-0.0026,-0.015,2.4566,0.7909,-0.2328
698.0,-0.0972,-0.0026,-0.015,2.4566,0.7909,-0.2328
698.5,-0.0972,-0.0026,-0.015,2.4566,0.7909,-0.2328
699.0,-0.0972,-0.0026,-0.015,2.4566,0.7909,-0.2328
699.5,-0.0972,-0.0026,-0.015,2.4566,0.7909,-0.2328
700.0,-0.0972,-0.0026,-0.015,2.4566,0.7909,-0.2328
700.5,-0.0972,-0.0026,-0.015,2.4566,0.7909,-0.2328
701.0,-0.0972,-0.0026,-0.015,2.4566,0.7909,-0.2328
701.5,-0.0972,-0.0026,-0.015,2.4566,0.7909,-0.2328
702.0,-0.0972,-0.0026,-0.015,2.4566,0.7909,-0.2328
702.5,-0.0972,-0.0026,-0.015,2.4566,0.7909,-0.2328
703.0,-0.0972,-0.0026,-0.015,2.4566,0.7909,-0.2328
703.5,-0.0972,-0.0026,-0.015,2.4566,0.7909,-0.2328
704.0,-0.0972,-0.0026,-0.015,2.4566,0.7909,-0.2328
704.5,-0.0972,-0.0026,-0.015,2.4566,0.7909,-0.2328
705.0,-0.0972,-0.0026,-0.015,2.4566,0.7909,-0.2328
705.5,-0.0972,-0.0026,-0.015,2.4566,0.7909,-0.2328
706.0,-0.0972,-0.0026,-0.015,2.4566,0.7909,-0.2328
706.5,-0.0972,-0.0026,-0.015,2.4566,0.7909,-0.2328
707.0,-0.0972,-0.0026,-0.015,2.4566,0.7909,-0.2328
707.5,-0.0972,-0.0026,-0.015,2.4566,0.7909,-0.2328
708.0,-0.0972,-0.0026,-0.015,2.4566,0.7909,-0.2328
708.5,-0.0972,-0.0026,-0.015,2.4566,0.7909,-0.2328
709.0,-0.0972,-0.0026,-0.015,2.4566,0.7909,-0.2328
709.5,-0.0972,-0.0026,-0.015,2.4566,0.7909,-0.2328
710.0,-0.0972,-0.0026,-0.015,2.4566,0.7909,-0.2328
710.5,-0.0972,-0.0026,-0.015,2.4566,0.7909,-0.2328
711.0,-0.0972,-0.0026,-0.015,2.4566,0.7909,-0.2328
711.5,-0.0972,-0.0026,-0.015,2.4566,0.7909,-0.2328
712.0,-0.0972,-0.0026,-0.015,2.4566,0.7909,-0.2328
712.5,-0.0972,-0.0026,-0.015,2.4566,0.7909,-0.2328
713.0,-0.0972,-0.0026,-0.015,2.4566,0.7909,-0.2328
713.5,-0.0972,-0.0026,-0.015,2.4566,0.7909,-0.2328
714.0,-0.0972,-0.0026,-0.015,2.4566,0.7909,-0.2328
714.5,-0.0972,-0.0026,-0.015,2.4566,0.7909,-0.2328
715.0,-0.0972,-0.0026,-0.015,2.4566,0.7909,-0.2328
715.5,-0.0972,-0.0026,-0.015,2.4566,0.7909,-0.2328
716.0,-0.0972,-0.0026,-0.015,2.4566,0.7909,-0.2328
716.5,-0.0972,-0.0026,-0.015,2.4566,0.7909,-0.2328
717.0,-0.0972,-0.0026,-0.015,2.4566,0.7909,-0.2328
717.5,-0.0972,-0.0026,-0.015,2.4566,0.7909,-0.2328
718.0,-0.0972,-0.0026,-0.015,2.4566,0.7909,-0.2328
718.5,-0.0972,-0.0026,-0.015,2.4566,0.7909,-0.2328
719.0,-0.0972,-0.0026,-0.015,2.4566,0.7909,-0.2328
719.5,-0.0972,-0.0026,-0.015,2.4566,0.7909,-0.2328
720.0,-0.0972,-0.0026,-0.015,2.4566,0.7909,-0.2328
720.5,-0.0972,-0.0026,-0.015,2.4566,0.7909,-0.2328
721.0,-0.0972,-0.0026,-0.015,2.4566,0.7909,-0.2328
721.5,-0.0972,-0.0026,-0.015,2.4566,0.7909,-0.2328
722.0,-0.0972,-0.0026,-0.015,2.4566,0.7909,-0.2328
722.5,-0.0972,-0.0026,-0.015,2.4566,0.7909,-0.2328
723.0,-0.0972,-0.0026,-0.015,2.4566,0.7909,-0.2328
723.5,-0.0972,-0.0026,-0.015,2.4566,0.7909,-0.2328
724.0,-0.0972,-0.0026,-0.015,2.4566,0.7909,-0.2328
724.5,-0.0972,-0.0026,-0.015,2.4566,0.7909,-0.2328
725.0,-0.0972,-0.0026,-0.015,2.4566,0.7909,-0.2328
725.5,-0.0972,-0.0026,-0.015,2.4566,0.7909,-0.2328
726.0,-0.0972,-0.0026,-0.015,2.4566,0.7909,-0.2328
726.5,-0.0972,-0.0026,-0.015,2.4566,0.7909,-0.2328
727.0,-0.0972,-0.0026,-0.015,2.4566,0.7909,-0.2328
727.5,-0.0972,-0.0026,-0.015,2.4566,0.7909,-0.2328
728.0,-0.0972,-0.0026,-0.015,2.4566,0.7909,-0.2328
728.5,-0.0972,-0.0026,-0.015,2.4566,0.7909,-0.2328
729.0,-0.0972,-0.0026,-0.015,2.4566,0.7909,-0.2328
729.5,-0.0972,-0.0026,-0.015,2.4566,0.7909,-0.2328
730.0,-0.0972,-0.0026,-0.015,2.4566,0.7909,-0.2328
730.5,-0.0972,-0.0026,-0.015,2.4566,0.7909,-0.2328
731.0,-0.0972,-0.0026,-0.015,2.4566,0.7909,-0.2328
731.5,-0.0972,-0.0026,-0.015,2.4566,0.7909,-0.2328
732.0,-0.0972,-0.0026,-0.015,2.4566,0.7909,-0.2328
732.5,-0.0972,-0.0026,-0.015,2.4566,0.7909,-0.2328
733.0,-0.0972,-0.0026,-0.015,2.4566,0.7909,-0.2328
733.5,-0.0972,-0.0026,-0.015,2.4566,0.7909,-0.2328
734.0,-0.0972,-0.0026,-0.015,2.4566,0.7909,-0.2328
734.5,-0.0972,-0.0026,-0.015,2.4566,0.7909,-0.2328
735.0,-0.0972,-0.0026,-0.015,2.4566,0.7909,-0.2328
735.5,-0.0972,-0.0026,-0.015,2.4566,0.7909,-0.2328
736.0,-0.0972,-0.0026,-0.015,2.4566,0.7909,-0.2328
736.5,-0.0972,-0.0026,-0.015,2.4566,0.7909,-0.2328
737.0,-0.0972,-0.0026,-0.015,2.4566,0.7909,-0.2328
737.5,-0.0972,-0.0026,-0.015,2.4566,0.7909,-0.2328
738.0,-0.0972,-0.0026,-0.015,2.4566,0.7909,-0.2328
738.5,-0.0972,-0.0026,-0.015,2.4566,0.7909,-0.2328
739.0,-0.0972,-0.0026,-0.015,2.4566,0.7909,-0.2328
739.5,-0.0972,-0.0026,-0.015,2.4566,0.7909,-0.2328
740.0,-0.0972,-0.0026,-0.015,2.4566,0.7909,-0.2328
740.5,-0.0972,-0.0026,-0.015,2.4566,0.7909,-0.2328
741.0,-0.0972,-0.0026,-0.015,2.4566,0.7909,-0.2328
741.5,-0.0972,-0.0026,-0.015,2.4566,0.7909,-0.2328
742.0,-0.0972,-0.0026,-0.015,2.4566,0.7909,-0.2328
742.5,-0.0972,-0.0026,-0.015,2.4566,0.7909,-0.2328
743.0,-0.0972,-0.0026,-0.015,2.4566,0.7909,-0.2328
743.5,-0.0972,-0.0026,-0.015,2.4566,0.7909,-0.2328
744.0,-0.0972,-0.0026,-0.015,2.4566,0.7909,-0.2328
744.5,-0.0972,-0.0026,-0.015,2.4566,0.7909,-0.2328
745.0,-0.0972,-0.0026,-0.015,2.4566,0.7909,-0.2328
745.5,-0.0972,-0.0026,-0.015,2.4566,0.7909,-0.2328
746.0,-0.0972,-0.0026,-0.015,2.4566,0.7909,-0.2328
746.5,-0.0972,-0.0026,-0.015,2.4566,0.7909,-0.2328
747.0,-0.0972,-0.0026,-0.015,2.4566,0.7909,-0.2328
747.5,-0.0972,-0.0026,-0.015,2.4566,0.7909,-0.2328
748.0,-0.0972,-0.0026,-0.015,2.4566,0.7909,-0.2328
748.5,-0.0972,-0.0026,-0.015,2.4566,0.7909,-0.2328
749.0,-0.0972,-0.0026,-0.015,2.4566,0.7909,-0.2328
749.5,-0.0972,-0.0026,-0.015,2.4566,0.7909,-0.2328
750.0,-0.0972,-0.0026,-0.015,2.4566,0.7909,-0.2328
750.5,-0.0972,-0.0026,-0.015,2.4566,0.7909,-0.2328
751.0,-0.0972,-0.0026,-0.015,2.4566,0.7909,-0.2328
751.5,-0.0972,-0.0026,-0.015,2.4566,0.7909,-0.2328
752.0,-0.0972,-0.0026,-0.015,2.4566,0.7909,-0.2328
752.5,-0.0972,-0.0026,-0.015,2.4566,0.7909,-0.2328
753.0,-0.0972,-0.0026,-0.015,2.4566,0.7909,-0.2328
753.5,-0.0972,-0.0026,-0.015,2.4566,0.7909,-0.2328
754.0,-0.0972,-0.0026,-0.015,2.4566,0.7909,-0.2328
754.5,-0.0972,-0.0026,-0.015,2.4566,0.7909,-0.2328
755.0,-0.0972,-0.0026,-0.015,2.4566,0.7909,-0.2328
755.5,-0.0972,-0.0026,-0.015,2.4566,0.7909,-0.2328
756.0,-0.0972,-0.0026,-0.015,2.4566,0.7909,-0.2328
756.5,-0.0972,-0.0026,-0.015,2.4566,0.7909,-0.2328
757.0,-0.0972,-0.0026,-0.015,2.4566,0.7909,-0.2328
757.5,-0.0972,-0.0026,-0.015,2.4566,0.7909,-0.2328
758.0,-0.0972,-0.0026,-0.015,2.4566,0.7909,-0.2328
758.5,-0.0972,-0.0026,-0.015,2.4566,0.7909,-0.2328
759.0,-0.0972,-0.0026,-0.015,2.4566,0.7909,-0.2328
759.5,-0.0972,-0.0026,-0.015,2.4566,0.7909,-0.2328
760.0,-0.0972,-0.0026,-0.015,2.4566,0.7909,-0.2328
760.5,-0.0972,-0.0026,-0.015,2.4566,0.7909,-0.2328
761.0,-0.0972,-0.0026,-0.015,2.4566,0.7909,-0.2328
761.5,-0.0972,-0.0026,-0.015,2.4566,0.7909,-0.2328
762.0,-0.0972,-0.0026,-0.015,2.4566,0.7909,-0.2328
762.5,-0.0972,-0.0026,-0.015,2.4566,0.7909,-0.2328
763.0,-0.0972,-0.0026,-0.015,2.4566,0.7909,-0.2328
763.5,-0.0972,-0.0026,-0.015,2.4566,0.7909,-0.2328
764.0,-0.0972,-0.0026,-0.015,2.4566,0.7909,-0.2328
764.5,-0.0972,-0.0026,-0.015,2.4566,0.7909,-0.2328
765.0,-0.0972,-0.0026,-0.015,2.4566,0.7909,-0.2328
765.5,-0.0972,-0.0026,-0.015,2.4566,0.7909,-0.2328
766.0,-0.0972,-0.0026,-0.015,2.4566,0.7909,-0.2328
766.5,-0.0972,-0.0026,-0.015,2.4566,0.7909,-0.2328
767.0,-0.0972,-0.0026,-0.015,2.4566,0.7909,-0.2328
767.5,-0.0972,-0.0026,-0.015,2.4566,0.7909,-0.2328
768.0,-0.0972,-0.0026,-0.015,2.4566,0.7909,-0.2328
768.5,-0.0972,-0.0026,-0.015,2.4566,0.7909,-0.2328
769.0,-0.0972,-0.0026,-0.015,2.4566,0.7909,-0.2328
769.5,-0.0972,-0.0026,-0.015,2.4566,0.7909,-0.2328
770.0,-0.0972,-0.0026,-0.015,2.4566,0.7909,-0.2328
770.5,-0.0972,-0.0026,-0.015,2.4566,0.7909,-0.2328
771.0,-0.0972,-0.0026,-0.015,2.4566,0.7909,-0.2328
771.5,-0.0972,-0.0026,-0.015,2.4566,0.7909,-0.2328
772.0,-0.0972,-0.0026,-0.015,2.4566,0.7909,-0.2328
772.5,-0.0972,-0.0026,-0.015,2.4566,0.7909,-0.2328
773.0,-0.0972,-0.0026,-0.015,2.4566,0.7909,-0.2328
773.5,-0.0972,-0.0026,-0.015,2.4566,0.7909,-0.2328
774.0,-0.0972,-0.0026,-0.015,2.4566,0.7909,-0.2328
774.5,-0.0972,-0.0026,-0.015,2.4566,0.7909,-0.2328
775.0,-0.0972,-0.0026,-0.015,2.4566,0.7909,-0.2328
775.5,-0.0972,-0.0026,-0.015,2.4566,0.7909,-0.2328
776.0,-0.0972,-0.0026,-0.015,2.4566,0.7909,-0.2328
776.5,-0.0972,-0.0026,-0.015,2.4566,0.7909,-0.2328
777.0,-0.0972,-0.0026,-0.015,2.4566,0.7909,-0.2328
777.5,-0.0972,-0.0026,-0.015,2.4566,0.7909,-0.2328
778.0,-0.0972,-0.0026,-0.015,2.4566,0.7909,-0.2328
778.5,-0.0972,-0.0026,-0.015,2.4566,0.7909,-0.2328
779.0,-0.0972,-0.0026,-0.015,2.4566,0.7909,-0.2328
779.5,-0.0972,-0.0026,-0.015,2.4566,0.7909,-0.2328
780.0,-0.0972,-0.0026,-0.015,2.4566,0.7909,-0.2328
780.5,-0.0972,-0.0026,-0.015,2.4566,0.7909,-0.2328
781.0,-0.0972,-0.0026,-0.015,2.4566,0.7909,-0.2328
781.5,-0.0972,-0.0026,-0.015,2.4566,0.7909,-0.2328
782.0,-0.0972,-0.0026,-0.015,2.4566,0.7909,-0.2328
782.5,-0.0972,-0.0026,-0.015,2.4566,0.7909,-0.2328
783.0,-0.0972,-0.0026,-0.015,2.4566,0.7909,-0.2328
783.5,-0.0972,-0.0026,-0.015,2.4566,0.7909,-0.2328
784.0,-0.0972,-0.0026,-0.015,2.4566,0.7909,-0.2328
784.5,-0.0972,-0.0026,-0.015,2.4566,0.7909,-0.2328
785.0,-0.0972,-0.0026,-0.015,2.4566,0.7909,-0.2328
785.5,-0.0972,-0.0026,-0.015,2.4566,0.7909,-0.2328
786.0,-0.0972,-0.0026,-0.015,2.4566,0.7909,-0.2328
786.5,-0.0972,-0.0026,-0.015,2.4566,0.7909,-0.2328
787.0,-0.0972,-0.0026,-0.015,2.4566,0.7909,-0.2328
787.5,-0.0972,-0.0026,-0.015,2.4566,0.7909,-0.2328
788.0,-0.0972,-0.0026,-0.015,2.4566,0.7909,-0.2328
788.5,-0.0972,-0.0026,-0.015,2.4566,0.7909,-0.2328
789.0,-0.0972,-0.0026,-0.015,2.4566,0.7909,-0.2328
789.5,-0.0972,-0.0026,-0.015,2.4566,0.7909,-0.2328
790.0,-0.0972,-0.0026,-0.015,2.4566,0.7909,-0.2328
790.5,-0.0972,-0.0026,-0.015,2.4566,0.7909,-0.2328
791.0,-0.0972,-0.0026,-0.015,2.4566,0.7909,-0.2328
791.5,-0.0972,-0.0026,-0.015,2.4566,0.7909,-0.2328
792.0,-0.0972,-0.0026,-0.015,2.4566,0.7909,-0.2328
792.5,-0.0972,-0.0026,-0.015,2.4566,0.7909,-0.2328
793.0,-0.0972,-0.0026,-0.015,2.4566,0.7909,-0.2328
793.5,-0.0972,-0.0026,-0.015,2.4566,0.7909,-0.2328
794.0,-0.0972,-0.0026,-0.015,2.4566,0.7909,-0.2328
794.5,-0.0972,-0.0026,-0.015,2.4566,0.7909,-0.2328
795.0,-0.0972,-0.0026,-0.015,2.4566,0.7909,-0.2328
795.5,-0.0972,-0.0026,-0.015,2.4566,0.7909,-0.2328
796.0,-0.0972,-0.0026,-0.015,2.4566,0.7909,-0.2328
796.5,-0.0972,-0.0026,-0.015,2.4566,0.7909,-0.2328
797.0,-0.0972,-0.0026,-0.015,2.4566,0.7909,-0.2328
797.5,-0.0972,-0.0026,-0.015,2.4566,0.7909,-0.2328
798.01,-0.0972,-0.0026,-0.015,2.4566,0.7909,-0.2328
798.51,-0.0972,-0.0026,-0.015,2.4566,0.7909,-0.2328
799.0,-0.0972,-0.0026,-0.015,2.4566,0.7909,-0.2328
799.5,-0.0972,-0.0026,-0.015,2.4566,0.7909,-0.2328
800.0,-0.0972,-0.0026,-0.015,2.4566,0.7909,-0.2328
800.5,-0.0972,-0.0026,-0.015,2.4566,0.7909,-0.2328
801.0,-0.0972,-0.0026,-0.015,2.4566,0.7909,-0.2328
801.5,-0.0972,-0.0026,-0.015,2.4566,0.7909,-0.2328
802.0,-0.0972,-0.0026,-0.015,2.4566,0.7909,-0.2328
802.5,-0.0972,-0.0026,-0.015,2.4566,0.7909,-0.2328
803.0,-0.0972,-0.0026,-0.015,2.4566,0.7909,-0.2328
803.5,-0.0972,-0.0026,-0.015,2.4566,0.7909,-0.2328
804.0,-0.0972,-0.0026,-0.015,2.4566,0.7909,-0.2328
804.5,-0.0972,-0.0026,-0.015,2.4566,0.7909,-0.2328
805.0,-0.0972,-0.0026,-0.015,2.4566,0.7909,-0.2328
805.5,-0.0972,-0.0026,-0.015,2.4566,0.7909,-0.2328
806.0,-0.0972,-0.0026,-0.015,2.4566,0.7909,-0.2328
806.5,-0.0972,-0.0026,-0.015,2.4566,0.7909,-0.2328
807.0,-0.0972,-0.0026,-0.015,2.4566,0.7909,-0.2328
807.5,-0.0972,-0.0026,-0.015,2.4566,0.7909,-0.2328
808.0,-0.0972,-0.0026,-0.015,2.4566,0.7909,-0.2328
808.5,-0.0972,-0.0026,-0.015,2.4566,0.7909,-0.2328
809.0,-0.0972,-0.0026,-0.015,2.4566,0.7909,-0.2328
809.5,-0.0972,-0.0026,-0.015,2.4566,0.7909,-0.2328
810.0,-0.0972,-0.0026,-0.015,2.4566,0.7909,-0.2328
810.5,-0.0972,-0.0026,-0.015,2.4566,0.7909,-0.2328
811.0,-0.0972,-0.0026,-0.015,2.4566,0.7909,-0.2328
811.5,-0.0972,-0.0026,-0.015,2.4566,0.7909,-0.2328
812.0,-0.0972,-0.0026,-0.015,2.4566,0.7909,-0.2328
812.5,-0.0972,-0.0026,-0.015,2.4566,0.7909,-0.2328
813.0,-0.0972,-0.0026,-0.015,2.4566,0.7909,-0.2328
813.5,-0.0972,-0.0026,-0.015,2.4566,0.7909,-0.2328
814.0,-0.0972,-0.0026,-0.015,2.4566,0.7909,-0.2328
814.5,-0.0972,-0.0026,-0.015,2.4566,0.7909,-0.2328
815.0,-0.0972,-0.0026,-0.015,2.4566,0.7909,-0.2328
815.5,-0.0972,-0.0026,-0.015,2.4566,0.7909,-0.2328
816.0,-0.0972,-0.0026,-0.015,2.4566,0.7909,-0.2328
816.5,-0.0972,-0.0026,-0.015,2.4566,0.7909,-0.2328
817.0,-0.0972,-0.0026,-0.015,2.4566,0.7909,-0.2328
817.5,-0.0972,-0.0026,-0.015,2.4566,0.7909,-0.2328
818.0,-0.0972,-0.0026,-0.015,2.4566,0.7909,-0.2328
818.5,-0.0972,-0.0026,-0.015,2.4566,0.7909,-0.2328
819.0,-0.0972,-0.0026,-0.015,2.4566,0.7909,-0.2328
819.5,-0.0972,-0.0026,-0.015,2.4566,0.7909,-0.2328
820.0,-0.0972,-0.0026,-0.015,2.4566,0.7909,-0.2328
820.5,-0.0972,-0.0026,-0.015,2.4566,0.7909,-0.2328
821.0,-0.0972,-0.0026,-0.015,2.4566,0.7909,-0.2328
821.5,-0.0972,-0.0026,-0.015,2.4566,0.7909,-0.2328
822.0,-0.0972,-0.0026,-0.015,2.4566,0.7909,-0.2328
822.5,-0.0972,-0.0026,-0.015,2.4566,0.7909,-0.2328
823.0,-0.0972,-0.0026,-0.015,2.4566,0.7909,-0.2328
823.5,-0.0972,-0.0026,-0.015,2.4566,0.7909,-0.2328
824.0,-0.0972,-0.0026,-0.015,2.4566,0.7909,-0.2328
824.5,-0.0972,-0.0026,-0.015,2.4566,0.7909,-0.2328
825.01,-0.0972,-0.0026,-0.015,2.4566,0.7909,-0.2328
825.5,-0.0972,-0.0026,-0.015,2.4566,0.7909,-0.2328
826.0,-0.0972,-0.0026,-0.015,2.4566,0.7909,-0.2328
826.5,-0.0972,-0.0026,-0.015,2.4566,0.7909,-0.2328
827.0,-0.0972,-0.0026,-0.015,2.4566,0.7909,-0.2328
827.5,-0.0972,-0.0026,-0.015,2.4566,0.7909,-0.2328
828.0,-0.0972,-0.0026,-0.015,2.4566,0.7909,-0.2328
828.5,-0.0972,-0.0026,-0.015,2.4566,0.7909,-0.2328
829.0,-0.0972,-0.0026,-0.015,2.4566,0.7909,-0.2328
829.5,-0.0972,-0.0026,-0.015,2.4566,0.7909,-0.2328
830.0,-0.0972,-0.0026,-0.015,2.4566,0.7909,-0.2328
